,result,champion,d,f,mainRune,minorRune,kill,death,assist,player
0,Victory,Samira,Heal,Flash,Conqueror,Domination,16,3,10,0
1,Defeat,Udyr,Smite,Flash,Phase Rush,Precision,5,4,5,0
2,Defeat,Samira,Heal,Flash,Conqueror,Domination,3,5,1,0
3,Defeat,Tristana,Heal,Flash,Hail of Blades,Precision,1,3,4,0
4,Defeat,Tristana,Heal,Flash,Hail of Blades,Precision,3,9,1,0
5,Defeat,Tristana,Heal,Flash,Hail of Blades,Precision,2,5,3,0
6,Victory,Jinx,Heal,Flash,Lethal Tempo,Domination,24,2,9,0
7,Defeat,Varus,Heal,Flash,Hail of Blades,Inspiration,10,5,15,0
8,Defeat,Jayce,Ignite,Flash,Conqueror,Inspiration,1,9,6,0
9,Defeat,Tristana,Cleanse,Flash,Hail of Blades,Precision,4,5,1,0
10,Defeat,Samira,Heal,Flash,Conqueror,Domination,3,8,2,0
11,Victory,Jinx,Cleanse,Flash,Lethal Tempo,Domination,6,8,12,0
12,Victory,Jinx,Cleanse,Flash,Lethal Tempo,Domination,3,3,7,0
13,Victory,Jinx,Heal,Flash,Lethal Tempo,Domination,7,0,9,0
14,Defeat,Udyr,Smite,Flash,Phase Rush,Precision,2,3,1,0
15,Victory,Tristana,Heal,Flash,Hail of Blades,Precision,6,7,11,0
16,Victory,Gragas,Ignite,Flash,Aftershock,Inspiration,2,3,13,0
17,Defeat,Ezreal,Heal,Flash,Conqueror,Inspiration,2,5,3,0
18,Victory,Kai'Sa,Heal,Flash,Hail of Blades,Inspiration,8,5,11,0
19,Defeat,Kog'Maw,Heal,Flash,Hail of Blades,Inspiration,7,8,2,0
20,Defeat,Samira,Heal,Flash,Conqueror,Domination,1,6,5,0
21,Victory,Kai'Sa,Heal,Flash,Hail of Blades,Inspiration,14,7,9,0
22,Defeat,Jinx,Cleanse,Flash,Lethal Tempo,Domination,5,9,5,0
23,Defeat,Varus,Heal,Flash,Hail of Blades,Inspiration,3,6,3,0
24,Victory,Kog'Maw,Heal,Flash,Hail of Blades,Inspiration,9,2,1,0
25,Victory,Jinx,Heal,Flash,Lethal Tempo,Domination,3,5,7,0
26,Defeat,Senna,Heal,Flash,Grasp of the Undying,Inspiration,3,6,8,0
27,Victory,Tristana,Cleanse,Flash,Hail of Blades,Precision,7,3,4,0
28,Defeat,Samira,Heal,Flash,Conqueror,Domination,1,5,2,0
29,Defeat,Tristana,Cleanse,Flash,Hail of Blades,Precision,11,8,12,0
30,Defeat,Tristana,Cleanse,Flash,Hail of Blades,Precision,4,8,3,0
31,Victory,Ezreal,Barrier,Flash,Conqueror,Inspiration,7,8,5,0
32,Defeat,Ezreal,Heal,Flash,Conqueror,Inspiration,0,5,1,0
33,Defeat,Ezreal,Heal,Flash,Conqueror,Inspiration,2,6,4,0
34,Defeat,Tahm Kench,Exhaust,Flash,Guardian,Inspiration,2,6,3,0
35,Victory,Syndra,Heal,Flash,Electrocute,Inspiration,8,2,12,0
36,Victory,Kai'Sa,Heal,Flash,Hail of Blades,Precision,10,5,10,0
37,Victory,Jinx,Heal,Flash,Lethal Tempo,Domination,6,2,5,0
38,Defeat,Senna,Heal,Flash,Glacial Augment,Precision,5,11,11,0
39,Defeat,Irelia,Cleanse,Flash,Conqueror,Inspiration,2,6,4,0
40,Victory,Senna,Heal,Flash,Grasp of the Undying,Inspiration,2,3,14,0
41,Defeat,Jhin,Heal,Flash,Fleet Footwork,Inspiration,5,8,11,0
42,Victory,Kai'Sa,Cleanse,Flash,Hail of Blades,Precision,14,4,10,0
43,Defeat,Varus,Heal,Flash,Hail of Blades,Inspiration,2,5,6,0
44,Defeat,Jinx,Heal,Flash,Lethal Tempo,Domination,0,4,1,0
45,Victory,Thresh,Ignite,Flash,Aftershock,Inspiration,2,5,12,0
46,Defeat,Jayce,Cleanse,Flash,Conqueror,Inspiration,4,5,6,0
47,Victory,Jinx,Heal,Flash,Lethal Tempo,Domination,12,2,8,0
48,Defeat,Lee Sin,Teleport,Flash,Conqueror,Resolve,2,7,1,0
49,Defeat,Kai'Sa,Heal,Flash,Hail of Blades,Precision,3,8,6,0
50,Defeat,Miss Fortune,Heal,Flash,Arcane Comet,Domination,5,10,9,0
51,Defeat,Tristana,Heal,Flash,Hail of Blades,Precision,14,7,7,0
52,Victory,Tristana,Cleanse,Flash,Hail of Blades,Precision,9,7,11,0
53,Victory,Irelia,Teleport,Flash,Conqueror,Inspiration,8,4,14,0
54,Defeat,Tristana,Cleanse,Flash,Hail of Blades,Precision,11,6,6,0
55,Victory,Jhin,Cleanse,Flash,Fleet Footwork,Inspiration,4,7,4,0
56,Victory,Jinx,Heal,Flash,Lethal Tempo,Domination,11,3,10,0
57,Defeat,Varus,Heal,Flash,Hail of Blades,Precision,7,10,13,0
58,Victory,Jinx,Heal,Flash,Lethal Tempo,Domination,8,0,1,0
59,Defeat,Blitzcrank,Ignite,Flash,Predator,Inspiration,3,4,9,0
60,Defeat,Kai'Sa,Heal,Flash,Hail of Blades,Precision,6,3,2,0
61,Victory,Rumble,Smite,Flash,Dark Harvest,Sorcery,3,3,13,0
62,Defeat,Kai'Sa,Heal,Flash,Hail of Blades,Precision,2,11,1,0
63,Victory,Braum,Exhaust,Flash,Guardian,Inspiration,3,5,32,0
64,Defeat,Tristana,Heal,Flash,Hail of Blades,Precision,6,6,4,0
65,Victory,Kai'Sa,Heal,Flash,Hail of Blades,Precision,6,1,7,0
66,Victory,Udyr,Smite,Flash,Phase Rush,Precision,12,3,12,0
67,Victory,Senna,Heal,Flash,Glacial Augment,Precision,3,4,8,0
68,Victory,Irelia,Teleport,Flash,Conqueror,Resolve,13,1,0,0
69,Defeat,Samira,Heal,Flash,Conqueror,Domination,2,6,6,0
70,Victory,Kai'Sa,Heal,Flash,Hail of Blades,Precision,9,5,15,0
71,Victory,Kai'Sa,Heal,Flash,Hail of Blades,Precision,7,4,7,0
72,Victory,Kai'Sa,Heal,Flash,Hail of Blades,Precision,17,3,7,0
73,Victory,Kai'Sa,Heal,Flash,Hail of Blades,Precision,8,2,9,0
74,Victory,Kai'Sa,Cleanse,Flash,Hail of Blades,Precision,10,3,13,0
75,Victory,Ezreal,Heal,Flash,Conqueror,Inspiration,6,8,10,0
76,Defeat,Tristana,Heal,Flash,Hail of Blades,Precision,6,6,4,0
77,Defeat,Jinx,Heal,Flash,Lethal Tempo,Domination,4,7,7,0
78,Defeat,Vayne,Heal,Flash,Press the Attack,Domination,1,7,1,0
79,Defeat,Draven,Exhaust,Flash,Hail of Blades,Precision,7,10,11,0
80,Defeat,Ezreal,Heal,Flash,Conqueror,Inspiration,1,3,2,0
81,Defeat,Senna,Heal,Flash,Grasp of the Undying,Inspiration,2,6,5,0
82,Defeat,Kai'Sa,Heal,Flash,Hail of Blades,Precision,4,7,4,0
83,Victory,Tristana,Heal,Flash,Hail of Blades,Precision,7,2,4,0
84,Defeat,Jayce,Teleport,Flash,Conqueror,Inspiration,1,6,3,0
85,Defeat,Varus,Heal,Flash,Hail of Blades,Inspiration,6,10,4,0
86,Defeat,Irelia,Teleport,Flash,Conqueror,Inspiration,2,6,1,0
87,Defeat,Udyr,Smite,Ghost,Phase Rush,Precision,0,1,2,0
88,Defeat,Ezreal,Heal,Flash,Conqueror,Inspiration,13,7,10,0
89,Defeat,Samira,Heal,Flash,Conqueror,Domination,2,5,4,0
90,Defeat,Aphelios,Heal,Flash,Conqueror,Domination,1,10,5,0
91,Defeat,Kog'Maw,Cleanse,Flash,Lethal Tempo,Inspiration,13,3,7,0
92,Defeat,Jayce,Teleport,Flash,Conqueror,Inspiration,1,7,4,0
93,Defeat,Kalista,Heal,Flash,Hail of Blades,Precision,1,3,2,0
94,Defeat,Morgana,Smite,Flash,Dark Harvest,Sorcery,4,4,5,0
95,Victory,Lee Sin,Smite,Flash,Conqueror,Inspiration,8,11,9,0
96,Defeat,Varus,Heal,Flash,Hail of Blades,Inspiration,8,6,3,0
97,Victory,Morgana,Smite,Flash,Dark Harvest,Sorcery,4,3,9,0
98,Victory,Ezreal,Heal,Flash,Conqueror,Inspiration,5,0,4,0
99,Defeat,Ezreal,Heal,Flash,Conqueror,Inspiration,2,6,3,0
100,Defeat,Lee Sin,Smite,Flash,Conqueror,Inspiration,1,6,4,0
101,Victory,Senna,Heal,Flash,Grasp of the Undying,Inspiration,6,1,9,0
102,Defeat,Senna,Exhaust,Flash,Grasp of the Undying,Inspiration,3,6,11,0
103,Victory,Jayce,Teleport,Flash,Phase Rush,Inspiration,15,5,15,0
104,Victory,Senna,Heal,Flash,Grasp of the Undying,Inspiration,8,4,18,0
105,Victory,Varus,Heal,Flash,Hail of Blades,Inspiration,10,3,7,0
106,Victory,Tristana,Heal,Flash,Hail of Blades,Precision,13,5,11,0
107,Victory,Ezreal,Heal,Flash,Conqueror,Inspiration,12,3,8,0
108,Victory,Kai'Sa,Heal,Flash,Hail of Blades,Inspiration,10,3,7,0
109,Victory,Senna,Heal,Flash,Glacial Augment,Precision,5,3,16,0
110,Victory,Ezreal,Heal,Flash,Conqueror,Inspiration,2,5,8,0
111,Victory,Ezreal,Heal,Flash,Conqueror,Inspiration,13,3,11,0
112,Defeat,Ezreal,Heal,Flash,Conqueror,Inspiration,1,7,5,0
113,Victory,Jayce,Teleport,Flash,Conqueror,Inspiration,8,2,6,0
114,Victory,Samira,Heal,Flash,Conqueror,Domination,11,4,6,0
115,Victory,Ezreal,Heal,Flash,Conqueror,Inspiration,13,2,8,0
116,Victory,Jinx,Heal,Flash,Lethal Tempo,Domination,10,3,8,0
117,Defeat,Samira,Heal,Flash,Conqueror,Domination,19,5,5,0
118,Victory,Varus,Heal,Flash,Hail of Blades,Inspiration,2,0,3,0
119,Defeat,Blitzcrank,Ignite,Flash,Aftershock,Inspiration,4,5,4,0
120,Victory,Vayne,Cleanse,Flash,Press the Attack,Domination,12,1,11,0
121,Defeat,Diana,Smite,Flash,Conqueror,Domination,0,3,3,0
122,Victory,Jinx,Cleanse,Flash,Lethal Tempo,Domination,6,3,11,0
123,Defeat,Senna,Heal,Flash,Glacial Augment,Precision,5,8,10,0
124,Defeat,Senna,Heal,Flash,Glacial Augment,Precision,4,9,4,0
125,Victory,Ezreal,Heal,Flash,Conqueror,Inspiration,10,8,13,0
126,Victory,Senna,Heal,Flash,Glacial Augment,Precision,7,0,7,0
127,Victory,Vayne,Heal,Flash,Press the Attack,Domination,8,3,5,0
128,Defeat,Tristana,Cleanse,Flash,Hail of Blades,Precision,8,9,4,0
129,Victory,Kalista,Cleanse,Flash,Hail of Blades,Inspiration,2,4,9,0
130,Defeat,Varus,Heal,Flash,Hail of Blades,Inspiration,1,6,2,0
131,Defeat,Tristana,Cleanse,Flash,Hail of Blades,Precision,9,4,11,0
132,Victory,Senna,Heal,Flash,Glacial Augment,Precision,3,1,4,0
133,Defeat,Varus,Heal,Flash,Arcane Comet,Inspiration,6,4,9,0
134,Defeat,Ezreal,Heal,Flash,Conqueror,Inspiration,1,4,0,0
135,Defeat,Aphelios,Heal,Flash,Conqueror,Domination,7,6,9,0
136,Victory,Senna,Heal,Flash,Glacial Augment,Precision,2,2,10,0
137,Victory,Jinx,Heal,Flash,Lethal Tempo,Inspiration,10,4,7,0
138,Defeat,Hecarim,Smite,Ghost,Phase Rush,Precision,8,5,9,0
139,Victory,Varus,Cleanse,Flash,Hail of Blades,Inspiration,4,5,10,0
140,Defeat,Tristana,Heal,Flash,Hail of Blades,Precision,3,5,0,0
141,Victory,Jinx,Heal,Flash,Lethal Tempo,Domination,15,4,16,0
142,Defeat,Tristana,Heal,Flash,Hail of Blades,Precision,2,9,5,0
143,Defeat,Ezreal,Heal,Flash,Conqueror,Inspiration,7,4,8,0
144,Victory,Kai'Sa,Heal,Flash,Hail of Blades,Inspiration,4,3,9,0
145,Victory,Tristana,Cleanse,Flash,Hail of Blades,Precision,6,3,7,0
146,Victory,Tristana,Heal,Flash,Hail of Blades,Precision,1,1,1,0
147,Victory,Ezreal,Heal,Flash,Conqueror,Inspiration,18,3,6,0
148,Defeat,Tristana,Cleanse,Flash,Hail of Blades,Precision,1,7,2,0
149,Victory,Tristana,Heal,Flash,Hail of Blades,Precision,3,8,14,0
150,Victory,Tristana,Cleanse,Flash,Hail of Blades,Precision,8,2,4,0
151,Victory,Samira,Heal,Flash,Conqueror,Domination,9,5,12,0
152,Victory,Jayce,Teleport,Flash,Conqueror,Inspiration,5,2,6,0
153,Victory,Ezreal,Heal,Flash,Conqueror,Inspiration,11,4,12,0
154,Victory,Jayce,Teleport,Flash,Conqueror,Inspiration,6,8,5,0
155,Victory,Gragas,Smite,Flash,Predator,Sorcery,6,10,10,0
156,Victory,Rumble,Smite,Flash,Dark Harvest,Sorcery,7,3,13,0
157,Victory,Irelia,Ignite,Flash,Conqueror,Inspiration,10,5,5,0
158,Defeat,Heimerdinger,Exhaust,Flash,Arcane Comet,Inspiration,2,8,3,0
159,Victory,Senna,Exhaust,Flash,Grasp of the Undying,Inspiration,1,2,6,0
160,Victory,Aphelios,Heal,Flash,Conqueror,Domination,9,7,16,0
161,Victory,Jayce,Teleport,Flash,Conqueror,Inspiration,6,7,11,0
162,Victory,Blitzcrank,Ignite,Flash,Predator,Inspiration,1,6,12,0
163,Victory,Varus,Heal,Flash,Hail of Blades,Inspiration,7,5,13,0
164,Defeat,Ezreal,Heal,Flash,Conqueror,Inspiration,5,8,6,0
165,Victory,Kai'Sa,Exhaust,Flash,Hail of Blades,Inspiration,7,6,15,0
166,Defeat,Lee Sin,Smite,Flash,Electrocute,Sorcery,7,6,1,0
167,Victory,Ezreal,Heal,Flash,Conqueror,Inspiration,9,8,12,0
168,Defeat,Kai'Sa,Cleanse,Flash,Hail of Blades,Inspiration,1,10,1,0
169,Defeat,Samira,Heal,Flash,Conqueror,Domination,1,3,8,0
170,Victory,Senna,Heal,Flash,Glacial Augment,Precision,3,4,22,0
171,Defeat,Kalista,Heal,Flash,Hail of Blades,Precision,7,6,16,0
172,Remake,Jinx,Heal,Flash,Lethal Tempo,Domination,0,0,0,0
173,Victory,Kalista,Heal,Flash,Hail of Blades,Inspiration,9,0,5,0
174,Victory,Vayne,Heal,Flash,Press the Attack,Domination,12,7,12,0
175,Victory,Senna,Heal,Flash,Glacial Augment,Precision,10,4,6,0
176,Defeat,Tristana,Heal,Flash,Hail of Blades,Precision,6,4,3,0
177,Defeat,Senna,Heal,Flash,Glacial Augment,Precision,5,6,3,0
178,Victory,Tristana,Heal,Flash,Hail of Blades,Precision,6,0,0,0
179,Victory,Kalista,Cleanse,Flash,Hail of Blades,Precision,8,2,3,0
180,Defeat,Ezreal,Heal,Flash,Conqueror,Inspiration,3,10,2,0
181,Victory,Vayne,Cleanse,Flash,Press the Attack,Domination,6,7,17,0
182,Defeat,Kalista,Heal,Flash,Hail of Blades,Precision,2,5,0,0
183,Defeat,Senna,Heal,Flash,Glacial Augment,Precision,1,6,5,0
184,Victory,Tristana,Heal,Flash,Hail of Blades,Precision,3,0,1,0
185,Defeat,Varus,Heal,Flash,Hail of Blades,Inspiration,2,6,8,0
186,Victory,Tristana,Cleanse,Flash,Hail of Blades,Precision,6,3,13,0
187,Victory,Ezreal,Heal,Flash,Conqueror,Inspiration,6,1,4,0
188,Defeat,Samira,Heal,Flash,Conqueror,Domination,10,10,5,0
189,Victory,Tristana,Heal,Flash,Hail of Blades,Precision,8,1,6,0
190,Victory,Kog'Maw,Heal,Flash,Lethal Tempo,Inspiration,11,4,3,0
191,Victory,Caitlyn,Heal,Flash,Lethal Tempo,Inspiration,3,4,8,0
192,Victory,Lee Sin,Smite,Flash,Electrocute,Sorcery,3,4,2,0
193,Victory,Kalista,Heal,Flash,Hail of Blades,Inspiration,7,2,9,0
194,Defeat,Jinx,Cleanse,Flash,Lethal Tempo,Inspiration,0,3,0,0
195,Victory,Varus,Heal,Flash,Hail of Blades,Inspiration,3,0,2,0
196,Victory,Lee Sin,Smite,Flash,Electrocute,Sorcery,6,5,8,0
197,Victory,Jinx,Heal,Flash,Lethal Tempo,Domination,5,2,9,0
198,Defeat,Kalista,Cleanse,Flash,Hail of Blades,Inspiration,3,6,7,0
199,Victory,Ezreal,Heal,Flash,Conqueror,Inspiration,6,2,6,0
200,Defeat,Kalista,Heal,Flash,Hail of Blades,Inspiration,1,8,4,0
201,Defeat,Ezreal,Heal,Flash,Conqueror,Inspiration,2,7,1,0
202,Victory,Jinx,Heal,Flash,Lethal Tempo,Domination,8,2,7,0
203,Victory,Jinx,Heal,Flash,Lethal Tempo,Inspiration,7,0,2,0
204,Defeat,Ezreal,Heal,Flash,Conqueror,Inspiration,2,9,8,0
205,Defeat,Varus,Heal,Flash,Hail of Blades,Inspiration,8,4,12,0
206,Defeat,Jinx,Heal,Flash,Lethal Tempo,Domination,4,5,7,0
207,Defeat,Aphelios,Heal,Flash,Lethal Tempo,Domination,9,11,12,0
208,Victory,Kalista,Cleanse,Flash,Hail of Blades,Inspiration,11,1,8,0
209,Victory,Lucian,Cleanse,Flash,Press the Attack,Inspiration,4,7,8,0
210,Victory,Ezreal,Heal,Flash,Conqueror,Inspiration,21,6,12,0
211,Defeat,Vayne,Cleanse,Flash,Press the Attack,Domination,2,5,2,0
212,Defeat,Kai'Sa,Heal,Flash,Hail of Blades,Inspiration,9,9,11,0
213,Defeat,Ezreal,Heal,Flash,Conqueror,Inspiration,2,6,4,0
214,Defeat,Jinx,Heal,Flash,Lethal Tempo,Domination,1,4,2,0
215,Defeat,Ezreal,Heal,Flash,Conqueror,Inspiration,4,5,4,0
216,Defeat,Senna,Heal,Flash,Glacial Augment,Precision,4,10,7,0
217,Victory,Ezreal,Heal,Flash,Conqueror,Inspiration,15,4,5,0
218,Victory,Lee Sin,Smite,Flash,Electrocute,Sorcery,9,7,11,0
219,Defeat,Lucian,Teleport,Flash,Press the Attack,Inspiration,10,6,1,0
220,Victory,Ezreal,Heal,Flash,Conqueror,Inspiration,8,3,11,0
221,Defeat,Tristana,Cleanse,Flash,Hail of Blades,Inspiration,4,6,4,0
222,Victory,Tristana,Heal,Flash,Hail of Blades,Inspiration,3,1,5,0
223,Victory,Ezreal,Cleanse,Flash,Conqueror,Inspiration,9,1,5,0
224,Victory,Ezreal,Heal,Flash,Conqueror,Inspiration,6,0,7,0
225,Victory,Jinx,Heal,Flash,Lethal Tempo,Domination,5,5,9,0
226,Victory,Kalista,Cleanse,Flash,Hail of Blades,Inspiration,7,1,7,0
227,Defeat,Ezreal,Heal,Flash,Conqueror,Inspiration,7,11,3,0
228,Victory,Ezreal,Heal,Flash,Conqueror,Inspiration,7,6,12,0
229,Victory,Kai'Sa,Heal,Flash,Hail of Blades,Inspiration,6,6,4,0
230,Victory,Jinx,Heal,Flash,Lethal Tempo,Domination,7,3,8,0
231,Defeat,Kai'Sa,Heal,Flash,Hail of Blades,Inspiration,3,9,4,0
232,Defeat,Ezreal,Heal,Flash,Conqueror,Inspiration,2,8,6,0
233,Victory,Ezreal,Heal,Flash,Conqueror,Inspiration,15,4,8,0
234,Defeat,Ezreal,Heal,Flash,Conqueror,Inspiration,2,3,4,0
235,Defeat,Ezreal,Teleport,Flash,Conqueror,Inspiration,4,7,5,0
236,Victory,Ezreal,Heal,Flash,Conqueror,Inspiration,3,1,10,0
237,Victory,Kalista,Exhaust,Flash,Hail of Blades,Inspiration,3,1,8,0
238,Defeat,Jinx,Heal,Flash,Lethal Tempo,Domination,0,2,4,0
239,Victory,Ezreal,Heal,Flash,Conqueror,Inspiration,6,2,9,0
240,Defeat,Ezreal,Heal,Flash,Conqueror,Inspiration,6,6,8,0
241,Victory,Ezreal,Heal,Flash,Conqueror,Inspiration,9,4,11,0
242,Victory,Jinx,Heal,Flash,Lethal Tempo,Domination,5,0,1,0
243,Defeat,Ezreal,Heal,Flash,Conqueror,Inspiration,0,8,13,0
244,Victory,Ezreal,Heal,Flash,Conqueror,Inspiration,2,3,8,0
245,Defeat,Ezreal,Cleanse,Flash,Conqueror,Inspiration,0,5,4,0
246,Victory,Ezreal,Cleanse,Flash,Conqueror,Inspiration,7,5,12,0
247,Victory,Jinx,Cleanse,Flash,Lethal Tempo,Inspiration,10,2,14,0
248,Victory,Tristana,Heal,Flash,Hail of Blades,Inspiration,10,5,6,0
249,Defeat,Jinx,Heal,Flash,Lethal Tempo,Inspiration,2,10,14,0
250,Defeat,Jinx,Heal,Flash,Lethal Tempo,Domination,4,5,2,0
251,Victory,Aphelios,Heal,Flash,Lethal Tempo,Domination,9,2,9,0
252,Victory,Ezreal,Heal,Flash,Conqueror,Inspiration,6,2,4,0
253,Defeat,Jinx,Heal,Flash,Lethal Tempo,Inspiration,5,7,4,0
254,Defeat,Ezreal,Heal,Flash,Conqueror,Inspiration,4,7,6,0
255,Victory,Jinx,Cleanse,Flash,Lethal Tempo,Inspiration,16,3,6,0
256,Victory,Varus,Heal,Flash,Hail of Blades,Inspiration,15,1,8,0
257,Victory,Ezreal,Heal,Flash,Conqueror,Inspiration,10,1,5,0
258,Victory,Tahm Kench,Ignite,Flash,Guardian,Inspiration,6,3,20,0
259,Victory,Ezreal,Cleanse,Flash,Conqueror,Inspiration,9,1,8,0
260,Defeat,Ezreal,Heal,Flash,Conqueror,Inspiration,2,2,4,0
261,Defeat,Hecarim,Smite,Ghost,Phase Rush,Inspiration,8,6,3,0
262,Defeat,Jinx,Heal,Flash,Lethal Tempo,Inspiration,1,6,5,0
263,Defeat,Jinx,Heal,Flash,Lethal Tempo,Domination,2,2,2,0
264,Victory,Ezreal,Heal,Flash,Conqueror,Inspiration,17,5,4,0
265,Victory,Samira,Heal,Flash,Conqueror,Domination,7,4,3,0
266,Victory,Jinx,Cleanse,Flash,Lethal Tempo,Domination,10,0,8,0
267,Defeat,Varus,Heal,Flash,Hail of Blades,Inspiration,6,4,6,0
268,Victory,Kai'Sa,Heal,Flash,Hail of Blades,Inspiration,7,3,9,0
269,Defeat,Kai'Sa,Cleanse,Flash,Hail of Blades,Inspiration,9,4,8,0
270,Defeat,Kalista,Cleanse,Flash,Hail of Blades,Inspiration,6,6,8,0
271,Victory,Kai'Sa,Cleanse,Flash,Hail of Blades,Inspiration,5,2,5,0
272,Victory,Senna,Heal,Flash,Grasp of the Undying,Inspiration,7,3,12,0
273,Victory,Jinx,Heal,Flash,Lethal Tempo,Inspiration,10,5,13,0
274,Defeat,Lucian,Teleport,Flash,Press the Attack,Domination,0,3,5,0
275,Defeat,Samira,Cleanse,Flash,Conqueror,Domination,7,9,12,0
276,Victory,Samira,Cleanse,Flash,Conqueror,Domination,13,2,5,0
277,Victory,Samira,Cleanse,Flash,Conqueror,Domination,2,4,9,0
278,Victory,Samira,Heal,Flash,Conqueror,Domination,7,1,2,0
279,Victory,Jinx,Heal,Flash,Lethal Tempo,Inspiration,6,1,5,0
280,Victory,Ezreal,Heal,Flash,Conqueror,Inspiration,4,3,9,0
281,Victory,Ezreal,Cleanse,Flash,Conqueror,Inspiration,7,4,12,0
282,Defeat,Tristana,Heal,Flash,Hail of Blades,Inspiration,6,4,4,0
283,Victory,Aphelios,Heal,Flash,Lethal Tempo,Domination,5,4,13,0
284,Victory,Kai'Sa,Heal,Flash,Hail of Blades,Inspiration,11,0,4,0
285,Defeat,Tristana,Heal,Flash,Hail of Blades,Inspiration,4,4,4,0
286,Victory,Ezreal,Heal,Flash,Conqueror,Inspiration,7,0,5,0
287,Victory,Neeko,Ignite,Flash,Arcane Comet,Inspiration,4,5,8,0
288,Defeat,Sett,Ignite,Flash,Phase Rush,Inspiration,0,5,1,0
289,Defeat,Tristana,Cleanse,Flash,Hail of Blades,Inspiration,8,3,6,0
290,Defeat,Vayne,Heal,Flash,Press the Attack,Domination,6,7,6,0
291,Victory,Vayne,Heal,Flash,Press the Attack,Domination,2,7,7,0
292,Victory,Kai'Sa,Heal,Flash,Hail of Blades,Inspiration,12,5,12,0
293,Victory,Tristana,Cleanse,Flash,Hail of Blades,Inspiration,9,2,3,0
294,Defeat,Ezreal,Heal,Flash,Conqueror,Inspiration,6,6,3,0
295,Victory,Kalista,Heal,Flash,Hail of Blades,Inspiration,16,3,12,0
296,Defeat,Tristana,Heal,Flash,Hail of Blades,Inspiration,3,4,2,0
297,Defeat,Tristana,Heal,Flash,Hail of Blades,Inspiration,5,5,4,0
298,Victory,Kalista,Heal,Flash,Hail of Blades,Inspiration,6,2,2,0
299,Defeat,Tristana,Heal,Flash,Hail of Blades,Inspiration,0,2,0,0
300,Defeat,Jinx,Heal,Flash,Lethal Tempo,Inspiration,6,5,8,0
301,Defeat,Tristana,Heal,Flash,Hail of Blades,Inspiration,1,8,0,0
302,Defeat,Tristana,Heal,Flash,Lethal Tempo,Inspiration,3,6,0,0
303,Defeat,Tristana,Cleanse,Flash,Hail of Blades,Inspiration,4,2,1,0
304,Victory,Xayah,Heal,Flash,Lethal Tempo,Inspiration,3,2,2,0
305,Victory,Ezreal,Heal,Flash,Conqueror,Inspiration,8,2,4,0
306,Defeat,Xayah,Heal,Flash,Lethal Tempo,Inspiration,1,7,5,0
307,Defeat,Ezreal,Heal,Flash,Conqueror,Inspiration,13,9,11,0
308,Defeat,Tristana,Heal,Flash,Hail of Blades,Inspiration,4,6,3,0
309,Victory,Xayah,Heal,Flash,Lethal Tempo,Inspiration,10,2,7,0
310,Victory,Kai'Sa,Heal,Flash,Hail of Blades,Inspiration,8,1,8,0
311,Victory,Kai'Sa,Cleanse,Flash,Hail of Blades,Inspiration,1,0,4,0
312,Victory,Senna,Heal,Flash,Glacial Augment,Domination,7,1,7,0
313,Victory,Kai'Sa,Heal,Flash,Hail of Blades,Inspiration,0,0,5,0
314,Victory,Xayah,Heal,Flash,Lethal Tempo,Inspiration,1,8,10,0
315,Victory,Xayah,Heal,Flash,Lethal Tempo,Inspiration,7,4,9,0
316,Victory,Tristana,Heal,Flash,Hail of Blades,Inspiration,15,2,6,0
317,Defeat,Nidalee,Smite,Flash,Conqueror,Domination,5,7,6,0
318,Defeat,Kai'Sa,Heal,Flash,Hail of Blades,Inspiration,3,5,1,0
319,Defeat,Samira,Heal,Flash,Conqueror,Domination,8,8,4,0
320,Defeat,Quinn,Cleanse,Flash,Press the Attack,Inspiration,4,8,3,0
321,Defeat,Caitlyn,Heal,Flash,Lethal Tempo,Inspiration,7,8,4,0
322,Victory,Jinx,Heal,Flash,Lethal Tempo,Inspiration,9,2,8,0
323,Defeat,Samira,Heal,Flash,Conqueror,Domination,14,10,2,0
324,Defeat,Samira,Heal,Flash,Conqueror,Domination,15,7,5,0
325,Victory,Jinx,Heal,Flash,Lethal Tempo,Inspiration,3,3,9,0
326,Defeat,Ezreal,Heal,Flash,Conqueror,Inspiration,1,9,6,0
327,Victory,Varus,Teleport,Flash,Arcane Comet,Inspiration,13,1,10,0
328,Defeat,Tristana,Heal,Flash,Hail of Blades,Inspiration,8,7,4,0
329,Defeat,Sivir,Heal,Flash,Lethal Tempo,Inspiration,1,9,4,0
330,Defeat,Tristana,Heal,Flash,Hail of Blades,Inspiration,2,6,4,0
331,Victory,Samira,Heal,Flash,Conqueror,Domination,11,7,11,0
332,Victory,Vayne,Heal,Flash,Press the Attack,Domination,5,2,2,0
333,Defeat,Xayah,Heal,Flash,Lethal Tempo,Inspiration,3,5,4,0
334,Defeat,Jinx,Heal,Flash,Lethal Tempo,Inspiration,4,10,4,0
335,Victory,Kalista,Heal,Flash,Hail of Blades,Inspiration,5,3,10,0
336,Defeat,Jinx,Heal,Flash,Lethal Tempo,Inspiration,5,10,4,0
337,Victory,Jinx,Cleanse,Flash,Lethal Tempo,Inspiration,6,2,2,0
338,Victory,Vayne,Cleanse,Flash,Press the Attack,Domination,5,2,4,0
339,Victory,Kalista,Cleanse,Flash,Hail of Blades,Inspiration,12,3,12,0
340,Defeat,Seraphine,Heal,Flash,Guardian,Inspiration,0,7,3,0
341,Defeat,Hecarim,Smite,Ghost,Phase Rush,Domination,2,3,6,0
342,Defeat,Jinx,Heal,Flash,Phase Rush,Domination,2,4,8,0
343,Defeat,Jinx,Heal,Flash,Lethal Tempo,Inspiration,2,7,2,0
344,Defeat,Ezreal,Heal,Flash,Conqueror,Inspiration,10,4,6,0
345,Defeat,Jinx,Heal,Flash,Lethal Tempo,Inspiration,2,8,0,0
346,Defeat,Tristana,Heal,Flash,Hail of Blades,Inspiration,4,7,5,0
347,Victory,Lucian,Teleport,Flash,Press the Attack,Inspiration,10,9,14,0
348,Defeat,Jinx,Heal,Flash,Lethal Tempo,Inspiration,9,7,6,0
349,Victory,Xayah,Cleanse,Flash,Lethal Tempo,Inspiration,5,3,11,0
350,Victory,Tristana,Heal,Flash,Hail of Blades,Inspiration,15,4,8,0
351,Defeat,Tristana,Heal,Flash,Hail of Blades,Inspiration,3,5,4,0
352,Defeat,Kalista,Exhaust,Flash,Hail of Blades,Inspiration,5,9,11,0
353,Defeat,Zoe,Cleanse,Flash,Electrocute,Inspiration,4,6,7,0
354,Victory,Jinx,Heal,Flash,Lethal Tempo,Inspiration,10,1,4,0
355,Victory,Tristana,Heal,Flash,Hail of Blades,Inspiration,6,2,6,0
356,Defeat,Kalista,Heal,Flash,Hail of Blades,Inspiration,2,9,0,0
357,Defeat,Graves,Smite,Flash,Fleet Footwork,Domination,3,5,4,0
358,Defeat,Gragas,Teleport,Flash,Grasp of the Undying,Inspiration,2,7,4,0
359,Victory,Xayah,Heal,Flash,Lethal Tempo,Inspiration,15,8,3,0
360,Victory,Lucian,Teleport,Flash,Press the Attack,Inspiration,10,5,2,0
361,Victory,Kalista,Heal,Flash,Hail of Blades,Inspiration,15,5,12,0
362,Defeat,Xayah,Cleanse,Flash,Lethal Tempo,Inspiration,6,6,6,0
363,Defeat,Kalista,Heal,Flash,Hail of Blades,Inspiration,5,4,2,0
364,Victory,Ezreal,Heal,Flash,Conqueror,Inspiration,6,4,10,0
365,Defeat,Skarner,Smite,Flash,Phase Rush,Inspiration,1,3,2,0
366,Defeat,Aphelios,Heal,Flash,Lethal Tempo,Domination,0,7,5,0
367,Defeat,Jinx,Heal,Flash,Lethal Tempo,Inspiration,6,11,10,0
368,Victory,Jinx,Heal,Flash,Lethal Tempo,Inspiration,10,3,15,0
369,Defeat,Xayah,Heal,Flash,Lethal Tempo,Inspiration,3,6,5,0
370,Victory,Tristana,Heal,Flash,Hail of Blades,Inspiration,10,0,4,0
371,Victory,Varus,Heal,Flash,Lethal Tempo,Inspiration,2,3,6,0
372,Victory,Kalista,Exhaust,Flash,Hail of Blades,Inspiration,4,7,10,0
373,Defeat,Xayah,Heal,Flash,Lethal Tempo,Inspiration,3,2,1,0
374,Victory,Kalista,Heal,Flash,Hail of Blades,Inspiration,9,4,3,0
375,Victory,Kalista,Heal,Flash,Hail of Blades,Inspiration,5,1,7,0
376,Victory,Tristana,Heal,Flash,Hail of Blades,Inspiration,5,5,11,0
377,Remake,Rakan,Heal,Flash,Conqueror,Inspiration,0,0,0,0
378,Victory,Ezreal,Heal,Flash,Conqueror,Inspiration,4,2,5,0
379,Defeat,Kalista,Cleanse,Flash,Hail of Blades,Inspiration,2,14,7,0
380,Victory,Kalista,Heal,Flash,Hail of Blades,Inspiration,10,3,10,0
381,Defeat,Miss Fortune,Heal,Flash,Arcane Comet,Domination,3,10,1,0
382,Victory,Tristana,Heal,Flash,Hail of Blades,Inspiration,6,3,9,0
383,Defeat,Ezreal,Heal,Flash,Conqueror,Inspiration,2,9,6,0
384,Defeat,Jinx,Heal,Flash,Lethal Tempo,Inspiration,15,3,10,0
385,Victory,Kog'Maw,Heal,Flash,Lethal Tempo,Inspiration,5,3,9,0
386,Victory,Jinx,Heal,Flash,Lethal Tempo,Inspiration,8,2,4,0
387,Victory,Tristana,Heal,Flash,Hail of Blades,Inspiration,6,0,4,0
388,Victory,Tristana,Heal,Flash,Hail of Blades,Inspiration,3,4,4,0
389,Victory,Varus,Heal,Flash,Lethal Tempo,Inspiration,7,4,9,0
390,Defeat,Ezreal,Heal,Flash,Conqueror,Inspiration,4,7,3,0
391,Defeat,Tristana,Teleport,Flash,Hail of Blades,Inspiration,5,9,5,0
392,Defeat,Jinx,Heal,Flash,Lethal Tempo,Inspiration,2,9,6,0
393,Victory,Jinx,Heal,Flash,Lethal Tempo,Inspiration,3,2,8,0
394,Defeat,Caitlyn,Heal,Flash,Lethal Tempo,Inspiration,1,9,4,0
395,Victory,Morgana,Smite,Flash,Predator,Sorcery,5,6,24,0
396,Victory,Ezreal,Heal,Flash,Conqueror,Inspiration,8,4,8,0
397,Victory,Ezreal,Heal,Flash,Conqueror,Inspiration,8,3,4,0
398,Defeat,Ezreal,Heal,Flash,Conqueror,Inspiration,5,9,16,0
399,Defeat,Jinx,Heal,Flash,Lethal Tempo,Inspiration,4,10,9,0
400,Victory,Draven,Heal,Flash,Hail of Blades,Inspiration,8,1,2,0
401,Victory,Varus,Heal,Flash,Arcane Comet,Inspiration,2,1,4,0
402,Victory,Varus,Heal,Flash,Arcane Comet,Inspiration,4,4,7,0
403,Defeat,Varus,Heal,Flash,Arcane Comet,Inspiration,15,9,8,0
404,Victory,Varus,Heal,Flash,Arcane Comet,Inspiration,12,6,16,0
405,Victory,Varus,Heal,Flash,Arcane Comet,Inspiration,16,3,9,0
406,Victory,Varus,Heal,Flash,Arcane Comet,Inspiration,17,4,11,0
407,Victory,Draven,Heal,Flash,Hail of Blades,Precision,14,6,6,0
408,Victory,Varus,Heal,Flash,Arcane Comet,Inspiration,9,3,14,0
409,Victory,Varus,Cleanse,Flash,Arcane Comet,Inspiration,17,1,4,0
410,Defeat,Jinx,Cleanse,Flash,Lethal Tempo,Inspiration,12,8,5,0
411,Victory,Tristana,Heal,Flash,Hail of Blades,Precision,9,3,8,0
412,Defeat,Aphelios,Heal,Flash,Lethal Tempo,Domination,3,9,4,0
413,Defeat,Ezreal,Heal,Flash,Conqueror,Inspiration,3,6,5,0
414,Defeat,Kai'Sa,Heal,Flash,Hail of Blades,Inspiration,6,4,8,0
415,Victory,Nidalee,Smite,Flash,Conqueror,Sorcery,12,4,8,0
416,Victory,Varus,Heal,Flash,Arcane Comet,Inspiration,13,5,14,0
417,Victory,Varus,Teleport,Flash,Arcane Comet,Inspiration,17,2,6,0
418,Defeat,Seraphine,Exhaust,Flash,Guardian,Inspiration,1,5,13,0
419,Victory,Jinx,Heal,Flash,Lethal Tempo,Inspiration,5,2,9,0
420,Defeat,Kai'Sa,Heal,Flash,Hail of Blades,Inspiration,3,6,3,0
421,Defeat,Tristana,Heal,Flash,Hail of Blades,Precision,7,6,4,0
422,Defeat,Ezreal,Heal,Flash,Conqueror,Inspiration,5,6,7,0
423,Defeat,Irelia,Teleport,Flash,Conqueror,Inspiration,4,8,4,0
424,Victory,Tristana,Heal,Flash,Hail of Blades,Precision,3,5,3,0
425,Defeat,Xayah,Heal,Flash,Lethal Tempo,Inspiration,2,6,9,0
426,Victory,Tristana,Heal,Flash,Hail of Blades,Precision,10,1,4,0
427,Victory,Jinx,Heal,Flash,Lethal Tempo,Domination,2,1,4,0
428,Victory,Kalista,Heal,Flash,Hail of Blades,Precision,4,1,3,0
429,Victory,Kalista,Heal,Flash,Hail of Blades,Precision,12,6,17,0
430,Defeat,Tristana,Heal,Flash,Hail of Blades,Precision,3,7,2,0
431,Defeat,Kalista,Heal,Flash,Hail of Blades,Precision,1,7,2,0
432,Defeat,Tristana,Heal,Flash,Hail of Blades,Precision,9,4,4,0
433,Defeat,Jinx,Heal,Flash,Conqueror,Domination,2,6,3,0
434,Victory,Tristana,Heal,Flash,Hail of Blades,Precision,4,3,6,0
435,Victory,Tristana,Heal,Flash,Hail of Blades,Precision,3,2,10,0
436,Victory,Jinx,Heal,Flash,Conqueror,Domination,12,0,7,0
437,Defeat,Twitch,Heal,Flash,Lethal Tempo,Domination,5,6,6,0
438,Victory,Heimerdinger,Heal,Flash,Arcane Comet,Inspiration,2,3,16,0
439,Defeat,Aphelios,Heal,Flash,Lethal Tempo,Domination,2,5,2,0
440,Victory,Kalista,Heal,Flash,Hail of Blades,Precision,5,2,5,0
441,Victory,Kalista,Heal,Flash,Hail of Blades,Precision,7,3,5,0
442,Victory,Kalista,Heal,Flash,Hail of Blades,Precision,7,3,7,0
443,Victory,Rakan,Heal,Flash,Guardian,Domination,4,6,26,0
444,Defeat,Xayah,Heal,Flash,Lethal Tempo,Inspiration,1,6,2,0
445,Victory,Senna,Heal,Flash,Glacial Augment,Precision,12,6,21,0
446,Defeat,Xayah,Heal,Flash,Lethal Tempo,Inspiration,4,8,3,0
447,Defeat,Jinx,Heal,Flash,Conqueror,Domination,2,7,6,0
448,Defeat,Tristana,Heal,Flash,Press the Attack,Domination,7,5,11,0
449,Victory,Kai'Sa,Heal,Flash,Hail of Blades,Inspiration,9,2,5,0
450,Defeat,Kalista,Cleanse,Flash,Hail of Blades,Precision,1,9,5,0
451,Defeat,Nidalee,Smite,Flash,Conqueror,Domination,2,3,5,0
452,Defeat,Senna,Heal,Flash,Grasp of the Undying,Inspiration,2,7,2,0
453,Victory,Ezreal,Heal,Flash,Conqueror,Inspiration,5,6,9,0
454,Defeat,Ezreal,Heal,Flash,Conqueror,Inspiration,11,6,6,0
455,Victory,Kalista,Cleanse,Flash,Hail of Blades,Precision,4,0,8,0
456,Victory,Kai'Sa,Cleanse,Flash,Hail of Blades,Inspiration,9,3,3,0
457,Victory,Tahm Kench,Heal,Flash,Fleet Footwork,Inspiration,1,6,11,0
458,Victory,Kai'Sa,Heal,Flash,Hail of Blades,Inspiration,5,7,7,0
459,Defeat,Jinx,Heal,Flash,Conqueror,Domination,6,9,8,0
460,Defeat,Aphelios,Heal,Flash,Conqueror,Domination,3,4,2,0
461,Defeat,Jinx,Heal,Flash,Conqueror,Domination,2,6,4,0
462,Victory,Tristana,Heal,Flash,Press the Attack,Domination,13,4,10,0
463,Defeat,Gragas,Teleport,Flash,Arcane Comet,Inspiration,5,7,4,0
464,Victory,Jinx,Heal,Flash,Conqueror,Domination,9,2,8,0
465,Victory,Tristana,Heal,Flash,Press the Attack,Domination,4,2,8,0
466,Victory,Lucian,Teleport,Flash,Press the Attack,Inspiration,0,0,1,0
467,Victory,Kai'Sa,Heal,Flash,Hail of Blades,Inspiration,4,6,5,0
468,Victory,Varus,Cleanse,Flash,Arcane Comet,Inspiration,5,1,8,0
469,Defeat,Tristana,Heal,Flash,Press the Attack,Domination,9,6,4,0
470,Victory,Ezreal,Heal,Flash,Conqueror,Inspiration,8,3,15,0
471,Defeat,Aphelios,Heal,Flash,Lethal Tempo,Domination,1,6,5,0
472,Defeat,Pantheon,Ignite,Flash,Conqueror,Inspiration,3,12,4,0
473,Victory,Aphelios,Heal,Flash,Lethal Tempo,Domination,9,3,8,0
474,Victory,Jinx,Heal,Flash,Conqueror,Domination,8,2,7,0
475,Victory,Ezreal,Heal,Flash,Conqueror,Inspiration,16,3,13,0
476,Defeat,Jinx,Heal,Flash,Conqueror,Domination,5,7,3,0
477,Victory,Jinx,Heal,Flash,Conqueror,Domination,1,2,5,0
478,Defeat,Varus,Heal,Flash,Arcane Comet,Inspiration,8,5,4,0
479,Defeat,Ezreal,Heal,Flash,Conqueror,Inspiration,1,7,4,0
480,Victory,Sylas,Teleport,Flash,Fleet Footwork,Inspiration,7,2,1,0
481,Victory,Ezreal,Heal,Flash,Conqueror,Inspiration,5,3,4,0
482,Defeat,Senna,Exhaust,Flash,Glacial Augment,Precision,11,10,9,0
483,Defeat,Ezreal,Teleport,Flash,Conqueror,Inspiration,1,7,4,0
484,Victory,Viktor,Exhaust,Flash,Phase Rush,Inspiration,2,6,9,0
485,Defeat,Ezreal,Heal,Flash,Conqueror,Inspiration,4,4,4,0
486,Defeat,Ezreal,Heal,Flash,Conqueror,Inspiration,3,6,3,0
487,Defeat,Ezreal,Heal,Flash,Conqueror,Inspiration,1,4,3,0
488,Defeat,Ezreal,Heal,Flash,Conqueror,Inspiration,2,5,5,0
489,Defeat,Lucian,Cleanse,Flash,Press the Attack,Domination,5,6,7,0
490,Defeat,Kai'Sa,Cleanse,Flash,Hail of Blades,Inspiration,2,6,1,0
491,Defeat,Kai'Sa,Cleanse,Flash,Hail of Blades,Inspiration,2,8,3,0
492,Defeat,Nidalee,Smite,Flash,Conqueror,Domination,5,5,7,0
493,Victory,Graves,Smite,Flash,Fleet Footwork,Domination,5,2,9,0
494,Defeat,Jinx,Heal,Flash,Conqueror,Domination,5,6,9,0
495,Victory,Jinx,Heal,Flash,Conqueror,Domination,12,2,4,0
496,Defeat,Lucian,Barrier,Flash,Press the Attack,Domination,4,7,4,0
497,Defeat,Ezreal,Heal,Flash,Conqueror,Inspiration,2,8,6,0
498,Defeat,Heimerdinger,Cleanse,Flash,Arcane Comet,Inspiration,4,8,4,0
499,Victory,Aphelios,Heal,Flash,Conqueror,Domination,4,2,2,0
500,Victory,Jinx,Heal,Flash,Conqueror,Domination,6,0,5,0
501,Victory,Senna,Heal,Flash,Glacial Augment,Precision,11,8,17,0
502,Victory,Senna,Cleanse,Flash,Glacial Augment,Precision,16,3,10,0
503,Defeat,Kalista,Heal,Flash,Hail of Blades,Precision,3,5,4,0
504,Defeat,Samira,Heal,Flash,Conqueror,Domination,5,6,3,0
505,Defeat,Samira,Heal,Flash,Conqueror,Domination,11,8,16,0
506,Victory,Sivir,Heal,Flash,Lethal Tempo,Sorcery,3,1,8,0
507,Victory,Aphelios,Heal,Flash,Lethal Tempo,Domination,4,2,5,0
508,Victory,Sivir,Teleport,Flash,Lethal Tempo,Sorcery,7,0,5,0
509,Defeat,Quinn,Heal,Flash,Press the Attack,Domination,3,7,3,0
510,Victory,Samira,Heal,Flash,Conqueror,Domination,7,9,11,0
511,Defeat,Ezreal,Heal,Flash,Conqueror,Sorcery,12,8,6,0
512,Victory,Samira,Heal,Flash,Conqueror,Domination,9,2,2,0
513,Victory,Ezreal,Heal,Flash,Conqueror,Sorcery,8,5,9,0
514,Defeat,Kalista,Heal,Flash,Lethal Tempo,Domination,6,9,7,0
515,Victory,Ezreal,Cleanse,Flash,Conqueror,Sorcery,12,2,6,0
516,Victory,Sivir,Heal,Flash,Lethal Tempo,Sorcery,5,5,6,0
517,Victory,Jinx,Heal,Flash,Conqueror,Domination,10,3,10,0
518,Defeat,Aphelios,Heal,Flash,Conqueror,Domination,7,8,16,0
519,Victory,Ezreal,Heal,Flash,Conqueror,Sorcery,5,5,2,0
520,Victory,Kai'Sa,Heal,Flash,Hail of Blades,Inspiration,6,0,6,0
521,Victory,Jinx,Heal,Flash,Conqueror,Domination,12,5,11,0
522,Victory,Ezreal,Heal,Flash,Conqueror,Sorcery,4,5,8,0
523,Victory,Kai'Sa,Heal,Flash,Hail of Blades,Inspiration,9,6,11,0
524,Defeat,Ashe,Heal,Flash,Lethal Tempo,Inspiration,0,7,3,0
525,Defeat,Samira,Heal,Flash,Conqueror,Domination,1,3,0,0
526,Defeat,Samira,Cleanse,Flash,Conqueror,Domination,6,4,5,0
527,Defeat,Jinx,Heal,Flash,Conqueror,Domination,3,11,5,0
528,Victory,Aphelios,Cleanse,Flash,Conqueror,Domination,14,3,4,0
529,Defeat,Xayah,Cleanse,Flash,Lethal Tempo,Inspiration,8,3,6,0
530,Defeat,Kalista,Cleanse,Flash,Hail of Blades,Precision,2,10,4,0
531,Victory,Kog'Maw,Cleanse,Flash,Lethal Tempo,Domination,8,3,12,0
532,Victory,Kog'Maw,Cleanse,Flash,Lethal Tempo,Domination,8,2,3,0
533,Victory,Ezreal,Heal,Flash,Conqueror,Sorcery,8,7,10,0
534,Victory,Vayne,Heal,Flash,Press the Attack,Domination,12,10,7,0
535,Victory,Braum,Ignite,Flash,Hail of Blades,Inspiration,3,0,17,0
536,Defeat,Senna,Cleanse,Flash,Glacial Augment,Precision,3,3,5,0
537,Victory,Samira,Cleanse,Flash,Conqueror,Domination,13,0,2,0
538,Victory,Kog'Maw,Cleanse,Flash,Lethal Tempo,Domination,3,2,7,0
539,Defeat,Samira,Cleanse,Flash,Conqueror,Domination,6,8,8,0
540,Defeat,Yasuo,Cleanse,Flash,Conqueror,Domination,3,6,2,0
541,Victory,Samira,Heal,Flash,Conqueror,Domination,7,2,7,0
542,Defeat,Vayne,Heal,Flash,Press the Attack,Domination,8,7,7,0
543,Victory,Samira,Heal,Flash,Conqueror,Domination,12,8,17,0
544,Defeat,Sivir,Teleport,Flash,Dark Harvest,Sorcery,2,9,1,0
545,Victory,Gragas,Ignite,Flash,Arcane Comet,Inspiration,2,10,14,0
546,Defeat,Samira,Heal,Flash,Conqueror,Domination,6,7,6,0
547,Defeat,Sivir,Heal,Flash,Lethal Tempo,Sorcery,4,5,13,0
548,Victory,Sivir,Heal,Flash,Lethal Tempo,Sorcery,4,2,13,0
549,Victory,Sivir,Heal,Flash,Lethal Tempo,Sorcery,8,4,8,0
550,Victory,Vayne,Cleanse,Flash,Press the Attack,Domination,4,5,8,0
551,Victory,Caitlyn,Heal,Flash,Lethal Tempo,Sorcery,6,1,6,0
552,Defeat,Aphelios,Cleanse,Flash,Conqueror,Domination,6,9,7,0
553,Victory,Gragas,Ignite,Flash,Arcane Comet,Inspiration,4,2,7,0
554,Defeat,Blitzcrank,Ignite,Flash,Aftershock,Inspiration,1,3,3,0
555,Defeat,Graves,Smite,Flash,Phase Rush,Domination,8,6,8,0
556,Defeat,Graves,Smite,Flash,Phase Rush,Domination,2,10,0,0
557,Victory,Graves,Smite,Flash,Phase Rush,Domination,3,2,3,0
558,Defeat,Thresh,Exhaust,Flash,Predator,Resolve,1,8,9,0
559,Defeat,Miss Fortune,Heal,Flash,Arcane Comet,Domination,1,10,2,0
560,Defeat,Xayah,Heal,Flash,Lethal Tempo,Inspiration,4,6,7,0
561,Defeat,Kalista,Heal,Flash,Hail of Blades,Precision,3,8,2,0
562,Defeat,Jinx,Heal,Flash,Lethal Tempo,Inspiration,5,8,4,0
563,Defeat,Jinx,Heal,Flash,Lethal Tempo,Inspiration,3,7,9,0
564,Defeat,Taliyah,Smite,Flash,Phase Rush,Domination,0,6,4,0
565,Defeat,Nidalee,Smite,Flash,Conqueror,Domination,6,10,7,0
566,Victory,Ezreal,Heal,Flash,Conqueror,Sorcery,11,6,7,0
567,Victory,Jinx,Heal,Flash,Lethal Tempo,Domination,15,7,5,0
568,Victory,Kalista,Heal,Flash,Hail of Blades,Precision,10,6,9,0
569,Defeat,Alistar,Ignite,Flash,Aftershock,Inspiration,1,6,15,0
570,Victory,Taliyah,Smite,Flash,Dark Harvest,Sorcery,3,3,13,0
571,Victory,Samira,Heal,Flash,Conqueror,Domination,6,5,9,0
572,Victory,Vayne,Cleanse,Flash,Press the Attack,Domination,13,4,8,0
573,Defeat,Kai'Sa,Cleanse,Flash,Hail of Blades,Inspiration,5,9,5,0
574,Defeat,Lee Sin,Smite,Flash,Conqueror,Inspiration,2,6,9,0
575,Defeat,Tristana,Heal,Flash,Press the Attack,Domination,8,7,5,0
576,Victory,Kai'Sa,Heal,Flash,Hail of Blades,Inspiration,11,2,2,0
577,Victory,Samira,Heal,Flash,Conqueror,Domination,15,7,10,0
578,Victory,Ezreal,Cleanse,Flash,Conqueror,Sorcery,2,5,8,0
579,Defeat,Aphelios,Cleanse,Flash,Conqueror,Domination,7,8,8,0
580,Victory,Neeko,Ignite,Flash,Arcane Comet,Inspiration,6,6,16,0
581,Defeat,Tristana,Heal,Flash,Press the Attack,Domination,6,6,4,0
582,Victory,Tristana,Cleanse,Flash,Press the Attack,Domination,10,4,8,0
583,Defeat,Caitlyn,Heal,Flash,Lethal Tempo,Domination,6,5,6,0
584,Defeat,Jinx,Heal,Flash,Lethal Tempo,Domination,3,9,0,0
585,Victory,Xayah,Heal,Flash,Lethal Tempo,Domination,5,7,9,0
586,Victory,Samira,Cleanse,Flash,Conqueror,Domination,15,3,11,0
587,Defeat,Samira,Heal,Flash,Conqueror,Domination,4,6,8,0
588,Victory,Tristana,Cleanse,Flash,Press the Attack,Domination,6,2,12,0
589,Victory,Kai'Sa,Cleanse,Flash,Hail of Blades,Inspiration,10,2,10,0
590,Victory,Tristana,Heal,Flash,Press the Attack,Domination,9,0,5,0
591,Victory,Miss Fortune,Heal,Flash,Arcane Comet,Domination,3,1,5,0
592,Victory,Kog'Maw,Cleanse,Flash,Lethal Tempo,Domination,4,5,9,0
593,Defeat,Ezreal,Heal,Flash,Conqueror,Sorcery,9,9,2,0
594,Victory,Vayne,Heal,Flash,Press the Attack,Domination,5,0,3,0
595,Defeat,Lillia,Smite,Flash,Dark Harvest,Sorcery,5,6,7,0
596,Victory,Vayne,Cleanse,Flash,Press the Attack,Domination,3,10,5,0
597,Defeat,Tristana,Heal,Flash,Press the Attack,Domination,11,8,5,0
598,Victory,Samira,Cleanse,Flash,Conqueror,Domination,11,2,6,0
599,Defeat,Yasuo,Exhaust,Flash,Conqueror,Domination,8,8,9,0
600,Victory,Renekton,Teleport,Flash,Conqueror,Resolve,4,7,11,0
601,Defeat,Kai'Sa,Cleanse,Flash,Hail of Blades,Inspiration,9,10,11,0
602,Defeat,Tristana,Heal,Flash,Press the Attack,Domination,7,4,4,0
603,Defeat,Senna,Heal,Flash,Glacial Augment,Precision,0,6,1,0
604,Defeat,Tristana,Heal,Flash,Press the Attack,Domination,4,6,6,0
605,Defeat,Tristana,Heal,Flash,Press the Attack,Domination,4,4,2,0
606,Victory,Samira,Heal,Flash,Conqueror,Domination,6,2,2,0
607,Defeat,Jhin,Cleanse,Flash,Dark Harvest,Inspiration,5,4,2,0
608,Victory,Kalista,Heal,Flash,Hail of Blades,Precision,9,7,13,0
609,Victory,Kai'Sa,Heal,Flash,Hail of Blades,Inspiration,14,1,7,0
610,Victory,Kai'Sa,Cleanse,Flash,Hail of Blades,Inspiration,2,6,10,0
611,Defeat,Tristana,Heal,Flash,Press the Attack,Domination,3,5,7,0
612,Victory,Alistar,Ignite,Flash,Phase Rush,Inspiration,2,2,9,0
613,Victory,Pantheon,Ignite,Flash,Conqueror,Inspiration,6,9,10,0
614,Defeat,Kalista,Cleanse,Flash,Hail of Blades,Precision,2,7,2,0
615,Victory,Tristana,Heal,Flash,Press the Attack,Domination,4,1,5,0
616,Defeat,Tristana,Heal,Flash,Press the Attack,Domination,9,7,1,0
617,Victory,Jhin,Heal,Flash,Dark Harvest,Sorcery,9,5,18,0
618,Victory,Jhin,Heal,Flash,Fleet Footwork,Inspiration,12,2,16,0
619,Victory,Samira,Heal,Flash,Conqueror,Domination,9,3,6,0
620,Defeat,Vayne,Heal,Flash,Press the Attack,Domination,1,6,7,0
621,Victory,Kalista,Heal,Flash,Hail of Blades,Precision,11,3,12,0
622,Victory,Vayne,Heal,Flash,Press the Attack,Domination,22,4,7,0
623,Victory,Samira,Heal,Flash,Conqueror,Domination,3,7,6,0
624,Defeat,Samira,Heal,Flash,Conqueror,Domination,6,8,4,0
625,Defeat,Vayne,Cleanse,Flash,Press the Attack,Domination,7,5,1,0
626,Victory,Xayah,Cleanse,Flash,Lethal Tempo,Domination,4,4,11,0
627,Victory,Kalista,Heal,Flash,Hail of Blades,Precision,5,4,7,0
628,Defeat,Senna,Heal,Flash,Fleet Footwork,Domination,1,5,3,0
629,Defeat,Lillia,Smite,Flash,Dark Harvest,Sorcery,6,9,8,0
630,Victory,Thresh,Exhaust,Flash,Aftershock,Inspiration,1,4,14,0
631,Defeat,Samira,Cleanse,Flash,Conqueror,Domination,1,6,1,0
632,Defeat,Tristana,Cleanse,Flash,Press the Attack,Domination,2,2,1,0
633,Victory,Aphelios,Heal,Flash,Conqueror,Domination,12,2,4,0
634,Defeat,Lillia,Smite,Flash,Dark Harvest,Sorcery,3,7,4,0
635,Defeat,Vayne,Heal,Flash,Press the Attack,Domination,2,7,3,0
636,Defeat,Lucian,Cleanse,Flash,Press the Attack,Domination,3,8,2,0
637,Victory,Vayne,Heal,Flash,Press the Attack,Domination,14,6,8,0
638,Victory,Tristana,Heal,Flash,Press the Attack,Domination,6,4,7,0
639,Victory,Vayne,Cleanse,Flash,Press the Attack,Domination,9,1,4,0
640,Victory,Ezreal,Cleanse,Flash,Conqueror,Sorcery,4,4,17,0
641,Victory,Ashe,Heal,Flash,Lethal Tempo,Inspiration,3,4,10,0
642,Defeat,Tristana,Heal,Flash,Hail of Blades,Precision,2,5,0,0
643,Defeat,Kai'Sa,Heal,Flash,Hail of Blades,Inspiration,7,9,6,0
644,Victory,Aphelios,Cleanse,Flash,Conqueror,Domination,2,4,8,0
645,Victory,Alistar,Ignite,Flash,Aftershock,Inspiration,3,4,26,0
646,Victory,Samira,Cleanse,Flash,Conqueror,Domination,15,6,15,0
647,Victory,Samira,Cleanse,Flash,Conqueror,Domination,5,4,9,0
648,Defeat,Lucian,Teleport,Flash,Press the Attack,Inspiration,3,9,7,0
649,Victory,Tristana,Heal,Flash,Hail of Blades,Precision,12,6,3,0
650,Defeat,Rell,Ignite,Flash,Aftershock,Inspiration,4,7,7,0
651,Victory,Sett,Ignite,Flash,Phase Rush,Inspiration,2,2,12,0
652,Victory,Kai'Sa,Cleanse,Flash,Hail of Blades,Inspiration,2,0,5,0
653,Victory,Jhin,Heal,Flash,Fleet Footwork,Inspiration,5,4,18,0
654,Victory,Miss Fortune,Heal,Flash,Arcane Comet,Domination,4,2,3,0
655,Victory,Aphelios,Cleanse,Flash,Conqueror,Domination,15,3,5,0
656,Victory,Jhin,Heal,Flash,Fleet Footwork,Inspiration,6,0,2,0
657,Defeat,Aphelios,Heal,Flash,Conqueror,Domination,9,7,3,0
658,Victory,Jhin,Cleanse,Flash,Fleet Footwork,Inspiration,8,1,7,0
659,Victory,Jhin,Heal,Flash,Fleet Footwork,Inspiration,8,2,11,0
660,Victory,Aphelios,Heal,Flash,Arcane Comet,Domination,2,0,0,0
661,Victory,Miss Fortune,Heal,Flash,Arcane Comet,Domination,9,4,16,0
662,Defeat,Jhin,Heal,Flash,Fleet Footwork,Inspiration,5,2,4,0
663,Defeat,Kai'Sa,Heal,Flash,Hail of Blades,Inspiration,8,6,4,0
664,Victory,Tristana,Heal,Flash,Hail of Blades,Precision,2,0,4,0
665,Victory,Vayne,Heal,Flash,Press the Attack,Domination,14,5,8,0
666,Victory,Aphelios,Heal,Flash,Conqueror,Domination,6,3,8,0
667,Defeat,Aphelios,Heal,Flash,Conqueror,Domination,1,7,2,0
668,Defeat,Aphelios,Heal,Flash,Conqueror,Domination,9,4,6,0
669,Defeat,Aphelios,Cleanse,Flash,Conqueror,Domination,8,6,4,0
670,Defeat,Aphelios,Heal,Flash,Lethal Tempo,Domination,0,6,1,0
671,Defeat,Ezreal,Heal,Flash,Conqueror,Sorcery,10,7,6,0
672,Defeat,Kai'Sa,Cleanse,Flash,Hail of Blades,Inspiration,4,7,4,0
673,Victory,Samira,Heal,Flash,Conqueror,Domination,6,0,2,0
674,Victory,Jhin,Heal,Flash,Fleet Footwork,Inspiration,5,2,5,0
675,Defeat,Yasuo,Exhaust,Flash,Conqueror,Domination,3,10,7,0
676,Defeat,Kai'Sa,Heal,Flash,Hail of Blades,Inspiration,7,7,6,0
677,Victory,Samira,Exhaust,Flash,Conqueror,Domination,14,2,6,0
678,Defeat,Miss Fortune,Cleanse,Flash,Arcane Comet,Domination,11,4,5,0
679,Victory,Jhin,Cleanse,Flash,Fleet Footwork,Inspiration,4,1,2,0
680,Victory,Ezreal,Heal,Flash,Conqueror,Sorcery,7,4,11,0
681,Defeat,Vayne,Heal,Flash,Hail of Blades,Precision,1,8,4,0
682,Defeat,Leona,Ignite,Flash,Aftershock,Inspiration,2,11,11,0
683,Victory,Samira,Exhaust,Flash,Conqueror,Domination,10,6,11,0
684,Victory,Kai'Sa,Cleanse,Flash,Hail of Blades,Precision,14,4,8,0
685,Defeat,Jhin,Heal,Flash,Fleet Footwork,Inspiration,0,12,8,0
686,Defeat,Samira,Heal,Flash,Conqueror,Domination,5,9,6,0
687,Defeat,Samira,Heal,Flash,Conqueror,Domination,6,9,6,0
688,Victory,Kai'Sa,Heal,Flash,Hail of Blades,Precision,4,7,8,0
689,Victory,Samira,Heal,Flash,Conqueror,Domination,9,6,5,0
690,Defeat,Graves,Smite,Flash,Phase Rush,Domination,6,7,4,0
691,Defeat,Caitlyn,Heal,Flash,Lethal Tempo,Sorcery,6,8,2,0
692,Victory,Samira,Heal,Flash,Conqueror,Domination,16,7,13,0
693,Victory,Jhin,Heal,Flash,Fleet Footwork,Inspiration,8,6,16,0
694,Victory,Kai'Sa,Cleanse,Flash,Hail of Blades,Precision,11,4,13,0
695,Victory,Kai'Sa,Heal,Flash,Hail of Blades,Precision,3,4,14,0
696,Defeat,Senna,Heal,Flash,Grasp of the Undying,Precision,2,6,2,0
697,Victory,Nidalee,Smite,Flash,Conqueror,Inspiration,5,5,17,0
698,Victory,Samira,Heal,Flash,Conqueror,Domination,14,3,9,0
699,Defeat,Alistar,Ignite,Flash,Phase Rush,Inspiration,0,5,5,0
